sp_day,mean_speed,sd_speed
1,13.419458369898841,0.5484171891071341
2,12.199858720315254,1.022190217818755
3,11.148423501319119,0.8073946279679561
4,10.996667777858722,0.8585230599599186
5,10.696220500955535,0.7962334934277437
6,10.870498606515943,0.5686091435092533
7,11.914478638731627,0.703586856691592
