sp_day,mean_speed,sd_speed
1,15.130655779694296,0.6655259050568527
2,13.760755595611624,1.1651031519762411
3,13.084602049642312,4.74800511505
4,12.237208489478538,0.8160701216458368
5,12.215614260228135,0.8650846599022749
6,12.351730119690613,0.695323456528657
7,13.205726957491258,0.8010813318772505
