payment_type,dist_avg,dist_var
1,3.066413838428464,14.962698649356426
2,2.6351430199594796,1187.6733399612385
3,2.729653719993532,20.9361241548737
4,2.866751026829929,19.899750279653272
5,4.166666666666667,46.08333333333333
